Title,URL,Date,Score,Author,num_comments,identifier
Rule Reminder - All Top-Level Comments Must Contain Sources/Links,https://www.reddit.com/r/Ask_Politics/comments/1gwpe7m/rule_reminder_all_toplevel_comments_must_contain/,2024-11-21T14:27:42,4,AuditorTux,9,Rule_Reminder_-_All_---20241121_142742
We will not ban links to X/Twitter because we've never allowed them in the first place.,https://www.reddit.com/r/Ask_Politics/comments/1i7w2xb/we_will_not_ban_links_to_xtwitter_because_weve/,2025-01-22T23:10:20,86,AuditorTux,2,We_will_not_ban_link---20250122_231020
Executive Orders are not laws...,https://www.reddit.com/r/Ask_Politics/comments/1ijxtps/executive_orders_are_not_laws/,2025-02-07T09:39:47,167,Orliville,18,Executive_Orders_are---20250207_093947
Why was NYC always heavily democrat?,https://www.reddit.com/r/Ask_Politics/comments/1ik5j2n/why_was_nyc_always_heavily_democrat/,2025-02-07T14:58:46,7,Icy-Acanthaceae-6816,8,Why_was_NYC_always_h---20250207_145846
Is what the DOGE doing actually legal?,https://www.reddit.com/r/Ask_Politics/comments/1iiui5q/is_what_the_doge_doing_actually_legal/,2025-02-05T22:41:38,22,kidshitstuff,42,Is_what_the_DOGE_doi---20250205_224138
Is all of this legal?,https://www.reddit.com/r/Ask_Politics/comments/1iibrjm/is_all_of_this_legal/,2025-02-05T08:54:36,1,conn_r2112,4,Is_all_of_this_legal---20250205_085436
What's the best way to keep up with all the events that are happening?,https://www.reddit.com/r/Ask_Politics/comments/1igu7co/whats_the_best_way_to_keep_up_with_all_the_events/,2025-02-03T11:14:40,22,Lautism,19,What's_the_best_way_---20250203_111440
Why Did the Democrats Unanimously Confirm Marco Rubio?,https://www.reddit.com/r/Ask_Politics/comments/1igz5uc/why_did_the_democrats_unanimously_confirm_marco/,2025-02-03T14:31:56,7,limetreearbor,10,Why_Did_the_Democrat---20250203_143156
Regarding President Trump's Tariffs: Where does the money go?,https://www.reddit.com/r/Ask_Politics/comments/1iff9kz/regarding_president_trumps_tariffs_where_does_the/,2025-02-01T14:16:24,2,2pierad,3,Regarding_President_---20250201_141624
Does HR722 need 1/2 of congress to pass it or does it need 2/3rds?,https://www.reddit.com/r/Ask_Politics/comments/1if5onu/does_hr722_need_12_of_congress_to_pass_it_or_does/,2025-02-01T06:53:35,2,ianntobrienn,3,Does_HR722_need_1_2_---20250201_065335
Why can POTUS unilaterally apply tariffs to imported goods?,https://www.reddit.com/r/Ask_Politics/comments/1ieuo3t/why_can_potus_unilaterally_apply_tariffs_to/,2025-01-31T19:06:07,1,accessoiriste,2,Why_can_POTUS_unilat---20250131_190607
What is up with Bill 722? Plus how does one object to a Bill?,https://www.reddit.com/r/Ask_Politics/comments/1idgjnu/what_is_up_with_bill_722_plus_how_does_one_object/,2025-01-30T00:22:32,13,Few_Awareness_631,10,What_is_up_with_Bill---20250130_002232
"Question on wording of ""Protecting Children from Chemical and Surgical Mutilation"" EO",https://www.reddit.com/r/Ask_Politics/comments/1icvo9i/question_on_wording_of_protecting_children_from/,2025-01-29T08:59:39,7,ca77,5,Question_on_wording_---20250129_085939
How are you staying informed on what to take action on in the US?,https://www.reddit.com/r/Ask_Politics/comments/1icrxa3/how_are_you_staying_informed_on_what_to_take/,2025-01-29T05:43:43,1,rcmosher,2,How_are_you_staying_---20250129_054343
What books would you recommend to learn more about politics/the government?,https://www.reddit.com/r/Ask_Politics/comments/1icl2ua/what_books_would_you_recommend_to_learn_more/,2025-01-28T21:52:47,1,DizzyConcentrate357,1,What_books_would_you---20250128_215247
What powers does the US National Security Advisor actually have?,https://www.reddit.com/r/Ask_Politics/comments/1ickcxq/what_powers_does_the_us_national_security_advisor/,2025-01-28T21:14:40,1,National-Salt,1,What_powers_does_the---20250128_211440
Is it better to call or write (or email) your elected representatives in the US?,https://www.reddit.com/r/Ask_Politics/comments/1ibpzil/is_it_better_to_call_or_write_or_email_your/,2025-01-27T19:24:16,33,Reeses100,27,Is_it_better_to_call---20250127_192416
How can I help the afghan & Iraqi women & girls?,https://www.reddit.com/r/Ask_Politics/comments/1iaiqi5/how_can_i_help_the_afghan_iraqi_women_girls/,2025-01-26T10:22:41,7,thegingeyone,2,How_can_I_help_the_a---20250126_102241
Would Idaho actually be able to make marriage a matter of the states?,https://www.reddit.com/r/Ask_Politics/comments/1i7t8n1/would_idaho_actually_be_able_to_make_marriage_a/,2025-01-22T20:35:21,6,Roaming_Ruel,3,Would_Idaho_actually---20250122_203521
Senate staff jobs - insight on pay scale and what they're looking for?,https://www.reddit.com/r/Ask_Politics/comments/1i7ms4s/senate_staff_jobs_insight_on_pay_scale_and_what/,2025-01-22T15:40:00,2,wonder_woman_19,4,Senate_staff_jobs_-_---20250122_154000
"Why is it that in every US political rally speech shown on TV nowadays, they always place east Asian women behind the speaker on the podium?",https://www.reddit.com/r/Ask_Politics/comments/1i6ikf5/why_is_it_that_in_every_us_political_rally_speech/,2025-01-21T07:28:22,2,rossdomn,7,Why_is_it_that_in_ev---20250121_072822
Why does the president have so much pomp?,https://www.reddit.com/r/Ask_Politics/comments/1i5ukmh/why_does_the_president_have_so_much_pomp/,2025-01-20T10:45:59,4,CasualAppUser,2,Why_does_the_preside---20250120_104559
"Are there any good places to get lists of what laws, acts, bills, etc. are passed?",https://www.reddit.com/r/Ask_Politics/comments/1i5rzks/are_there_any_good_places_to_get_lists_of_what/,2025-01-20T08:58:07,3,Microwaveable_feces,5,Are_there_any_good_p---20250120_085807
Was the Australian Federal Election of 2022 a ‘Political Realignment’ ,https://www.reddit.com/r/Ask_Politics/comments/1i5bycl/was_the_australian_federal_election_of_2022_a/,2025-01-19T17:09:31,3,Aggravating-Wheel951,2,Was_the_Australian_F---20250119_170931
How come the hostages of Palestine and Israel were swapped a day before Trump’s inauguration? ,https://www.reddit.com/r/Ask_Politics/comments/1i5hv4h/how_come_the_hostages_of_palestine_and_israel/,2025-01-19T22:15:40,1,Tight_Display4514,2,How_come_the_hostage---20250119_221540
How much influence does the Ways and Means Committee truly have to pass laws?,https://www.reddit.com/r/Ask_Politics/comments/1i41mco/how_much_influence_does_the_ways_and_means/,2025-01-18T00:35:25,3,Emotional_Ball662,2,How_much_influence_d---20250118_003525
Can you nationalize a company in another country?,https://www.reddit.com/r/Ask_Politics/comments/1i3zdyz/can_you_nationalize_a_company_in_another_country/,2025-01-17T22:13:36,2,EnzuuPaixaum,1,Can_you_nationalize_---20250117_221336
"If the government is irresponsibly accumulating infinte debts and reckless money-printing, then why should taxpayers feel any responsbility?",https://www.reddit.com/r/Ask_Politics/comments/1i3jboq/if_the_government_is_irresponsibly_accumulating/,2025-01-17T09:49:12,1,canuck9470,1,If_the_government_is---20250117_094912
"What are the chances that the ""Make Greenland Great Again Act"" gets passed?",https://www.reddit.com/r/Ask_Politics/comments/1i14p09/what_are_the_chances_that_the_make_greenland/,2025-01-14T06:12:23,3,[deleted],8,What_are_the_chances---20250114_061223
What happens to Kamala after Trump takes office?,https://www.reddit.com/r/Ask_Politics/comments/1i0dife/what_happens_to_kamala_after_trump_takes_office/,2025-01-13T07:06:20,29,perhapsinsightful,40,What_happens_to_Kama---20250113_070620
Is there actually anyway to rename the Gulf of Mexico?,https://www.reddit.com/r/Ask_Politics/comments/1i0d15g/is_there_actually_anyway_to_rename_the_gulf_of/,2025-01-13T06:39:34,12,loCAtek,17,Is_there_actually_an---20250113_063934
"Why Do We Keep Seeing Older Politicians in Power, and What Does It Mean for the Future?",https://www.reddit.com/r/Ask_Politics/comments/1hz07va/why_do_we_keep_seeing_older_politicians_in_power/,2025-01-11T10:57:30,0,mgoat108,1,Why_Do_We_Keep_Seein---20250111_105730
"What make millionaires/philanthropists/people from the upper class go ""bad""?",https://www.reddit.com/r/Ask_Politics/comments/1hyxeu8/what_make_millionairesphilanthropistspeople_from/,2025-01-11T08:48:17,1,sammyjamez,1,What_make_millionair---20250111_084817
What is your favourite political commentary newsletter??,https://www.reddit.com/r/Ask_Politics/comments/1hyevdr/what_is_your_favourite_political_commentary/,2025-01-10T15:01:39,3,psychedelicbb,7,What_is_your_favouri---20250110_150139
What Does a Politician do When Not in Office?,https://www.reddit.com/r/Ask_Politics/comments/1hv793o/what_does_a_politician_do_when_not_in_office/,2025-01-06T13:21:32,1,West-Personality-718,3,What_Does_a_Politici---20250106_132132
"Do you think that the majority of people are neither right or left wing, most people are moderate but the few people on the extreme ends are the ones with microphones?",https://www.reddit.com/r/Ask_Politics/comments/1htz720/do_you_think_that_the_majority_of_people_are/,2025-01-05T00:03:44,52,Comfortable-Edge-937,47,Do_you_think_that_th---20250105_000344
What was the name of the guy who lied to Congress about American not surveilling their own citizens?,https://www.reddit.com/r/Ask_Politics/comments/1htrmnh/what_was_the_name_of_the_guy_who_lied_to_congress/,2025-01-04T17:30:50,1,Hogwire,2,What_was_the_name_of---20250104_173050
Inauguration Info?,https://www.reddit.com/r/Ask_Politics/comments/1hst6gu/inauguration_info/,2025-01-03T12:24:24,1,Upset_Scallion_3700,2,Inauguration_Info_---20250103_122424
What would you think if Trump Got disqualified under the 20th Amendment? ,https://www.reddit.com/r/Ask_Politics/comments/1hreg52/what_would_you_think_if_trump_got_disqualified/,2025-01-01T16:32:12,1,Organic-Coconut-7152,9,What_would_you_think---20250101_163212
Can someone explain the death of HB71 in Texas?,https://www.reddit.com/r/Ask_Politics/comments/1hrahxx/can_someone_explain_the_death_of_hb71_in_texas/,2025-01-01T13:35:07,1,EntAtaraxy,2,Can_someone_explain_---20250101_133507
How to start with ideologies and right-wing left-wing things?,https://www.reddit.com/r/Ask_Politics/comments/1hpg1s7/how_to_start_with_ideologies_and_rightwing/,2024-12-29T23:27:46,20,HORSEPOOP49,39,How_to_start_with_id---20241229_232746
How likely is it that I could start my own political consulting firm without having worked at one before?,https://www.reddit.com/r/Ask_Politics/comments/1hpvplw/how_likely_is_it_that_i_could_start_my_own/,2024-12-30T13:49:02,1,Mammoth-Local5096,2,How_likely_is_it_tha---20241230_134902
Why is EU buying Russian oil from India?,https://www.reddit.com/r/Ask_Politics/comments/1ho6utz/why_is_eu_buying_russian_oil_from_india/,2024-12-28T08:34:56,3,trouble_sleeping_,3,Why_is_EU_buying_Rus---20241228_083456
How to read non fiction books on politics and not just absorb the authors views and opinions?,https://www.reddit.com/r/Ask_Politics/comments/1hnkwlg/how_to_read_non_fiction_books_on_politics_and_not/,2024-12-27T12:08:20,7,sloadingzzz,6,How_to_read_non_fict---20241227_120820
"Did the Mueller Investigation Actually Impede the Trump ""Agenda"" in Any Way?",https://www.reddit.com/r/Ask_Politics/comments/1hno4z3/did_the_mueller_investigation_actually_impede_the/,2024-12-27T14:30:22,1,JustASumoGuy,3,Did_the_Mueller_Inve---20241227_143022
Why did Trump appoint Tom Homan as Border Czar instead of ICE Director?,https://www.reddit.com/r/Ask_Politics/comments/1hno1dy/why_did_trump_appoint_tom_homan_as_border_czar/,2024-12-27T14:25:42,1,JustASumoGuy,1,Why_did_Trump_appoin---20241227_142542
"The Federal Government refuses to impose wealth taxes, but what is stopping states from doing it?",https://www.reddit.com/r/Ask_Politics/comments/1hmgexr/the_federal_government_refuses_to_impose_wealth/,2024-12-25T22:04:36,28,[deleted],40,The_Federal_Governme---20241225_220436
"Do congressional staffers wear business casual or business professional, or both? ",https://www.reddit.com/r/Ask_Politics/comments/1hmp7sk/do_congressional_staffers_wear_business_casual_or/,2024-12-26T08:17:50,4,Beautiful_Home_2863,5,Do_congressional_sta---20241226_081750
How do political parties pick their positions?,https://www.reddit.com/r/Ask_Politics/comments/1hm3ve5/how_do_political_parties_pick_their_positions/,2024-12-25T10:34:31,1,Perfect-Highway-6818,3,How_do_political_par---20241225_103431
Why is it okay for president’s to replace US attorneys and Attorneys Generals but not FBI directors?,https://www.reddit.com/r/Ask_Politics/comments/1hlul8d/why_is_it_okay_for_presidents_to_replace_us/,2024-12-24T23:32:16,5,vsv2021,8,Why_is_it_okay_for_p---20241224_233216
How will laws making it so you have to upload an image of your driver's license (or other form of ID) to view an adult website protect children? ,https://www.reddit.com/r/Ask_Politics/comments/1hkm2fs/how_will_laws_making_it_so_you_have_to_upload_an/,2024-12-23T05:45:20,10,Apeist,17,How_will_laws_making---20241223_054520
"What’s the difference between leftists,liberals and progressives?",https://www.reddit.com/r/Ask_Politics/comments/1hk7yx4/whats_the_difference_between_leftistsliberals_and/,2024-12-22T15:17:41,1,funnyalbert,1,What’s_the_differenc---20241222_151741
Why did the House need 2/3 majority to pass the CR bill?,https://www.reddit.com/r/Ask_Politics/comments/1hjne20/why_did_the_house_need_23_majority_to_pass_the_cr/,2024-12-21T18:41:59,1,JustASumoGuy,6,Why_did_the_House_ne---20241221_184159
Is childhood cancer research actually pulled from the spending bill if the bill would pass standalone in the house and senate?,https://www.reddit.com/r/Ask_Politics/comments/1his51c/is_childhood_cancer_research_actually_pulled_from/,2024-12-20T13:52:41,49,BigNickers6,20,Is_childhood_cancer_---20241220_135241
How do i find House Oversight vote details?,https://www.reddit.com/r/Ask_Politics/comments/1hh54pt/how_do_i_find_house_oversight_vote_details/,2024-12-18T10:19:15,1,erozario228,2,How_do_i_find_House_---20241218_101915
Political Affiliation as DEI? ,https://www.reddit.com/r/Ask_Politics/comments/1hgjqrm/political_affiliation_as_dei/,2024-12-17T14:17:09,0,Brief_Eye_283,15,Political_Affiliatio---20241217_141709
Trump Pushes To End DST. Will It Actually Happen?,https://www.reddit.com/r/Ask_Politics/comments/1hehhe8/trump_pushes_to_end_dst_will_it_actually_happen/,2024-12-14T19:10:38,2,JustASumoGuy,1,Trump_Pushes_To_End_---20241214_191038
"If many Americans are dissatisfied with the current healthcare system, why don’t we vote to change it?",https://www.reddit.com/r/Ask_Politics/comments/1hd1q6n/if_many_americans_are_dissatisfied_with_the/,2024-12-12T20:06:14,67,lifehackslover,84,If_many_Americans_ar---20241212_200614
Why do third parties perform so poorly in elections?,https://www.reddit.com/r/Ask_Politics/comments/1hbyw98/why_do_third_parties_perform_so_poorly_in/,2024-12-11T11:30:43,7,homegirl211,31,Why_do_third_parties---20241211_113043
What demographics/voting blocs make up today's coalitions? (United States),https://www.reddit.com/r/Ask_Politics/comments/1hav2b1/what_demographicsvoting_blocs_make_up_todays/,2024-12-09T23:52:36,3,almondjuice442,8,What_demographics_vo---20241209_235236
When will the US be completely done counting for the Presidential election?,https://www.reddit.com/r/Ask_Politics/comments/1h9yz5x/when_will_the_us_be_completely_done_counting_for/,2024-12-08T20:01:39,12,therealfakeman,11,When_will_the_US_be_---20241208_200139
Would it be possible for a war between the U.S. and Russia (or any two nuclear powers) to play out without it going nuclear. ,https://www.reddit.com/r/Ask_Politics/comments/1h9z5xq/would_it_be_possible_for_a_war_between_the_us_and/,2024-12-08T20:11:42,9,nnnnahhhhh,19,Would_it_be_possible---20241208_201142
"Why aren’t the Supreme Leaders of North Korea, Iran, and Afghanistan considered to be monarchs?",https://www.reddit.com/r/Ask_Politics/comments/1h9unpi/why_arent_the_supreme_leaders_of_north_korea_iran/,2024-12-08T16:28:26,1,TheRealCodeGD,5,Why_aren’t_the_Supre---20241208_162826
Why is the International Community Supporting HTS in the Syrian Conflict Despite Its Terrorist Links?,https://www.reddit.com/r/Ask_Politics/comments/1h9npes/why_is_the_international_community_supporting_hts/,2024-12-08T11:21:10,2,VashAsinsia,3,Why_is_the_Internati---20241208_112110
should i start politically educating myself at 17?,https://www.reddit.com/r/Ask_Politics/comments/1h9emdr/should_i_start_politically_educating_myself_at_17/,2024-12-08T02:42:33,1,[deleted],4,should_i_start_polit---20241208_024233
What would happen if a US President attempted to do what the South Korean president tried to do (declare martial law to purge opposition)?,https://www.reddit.com/r/Ask_Politics/comments/1h7g9wm/what_would_happen_if_a_us_president_attempted_to/,2024-12-05T12:38:03,56,ixvst01,40,What_would_happen_if---20241205_123803
Would this political system work ?,https://www.reddit.com/r/Ask_Politics/comments/1h7q4cc/would_this_political_system_work/,2024-12-05T19:50:36,1,Brooks0303,3,Would_this_political---20241205_195036
In a Fixed-Term Parliament should there exist Time Limits for Dissolution?,https://www.reddit.com/r/Ask_Politics/comments/1h7lkof/in_a_fixedterm_parliament_should_there_exist_time/,2024-12-05T16:19:38,1,Samborondon593,1,In_a_Fixed-Term_Parl---20241205_161938
Can anyone point me to the Obama speech about how nobody is perfectly pure in ideology?,https://www.reddit.com/r/Ask_Politics/comments/1h6lngo/can_anyone_point_me_to_the_obama_speech_about_how/,2024-12-04T11:25:16,22,OkOutlandishness8527,6,Can_anyone_point_me_---20241204_112516
Do liberals and conservatives have more in common with each other than they do with leftists and MAGA?,https://www.reddit.com/r/Ask_Politics/comments/1h7aayp/do_liberals_and_conservatives_have_more_in_common/,2024-12-05T08:24:11,0,CSachen,11,Do_liberals_and_cons---20241205_082411
"Mega-Thread - President Joe Biden Pardons his Son, Hunter Biden",https://www.reddit.com/r/Ask_Politics/comments/1h4inll/megathread_president_joe_biden_pardons_his_son/,2024-12-01T18:55:09,61,AuditorTux,95,Mega-Thread_-_Presid---20241201_185509
Why do people keep saying that Biden was betrayed by his party and is now acting out based on it?,https://www.reddit.com/r/Ask_Politics/comments/1h4qc7z/why_do_people_keep_saying_that_biden_was_betrayed/,2024-12-02T02:21:21,4,Evoxrus_XV,4,Why_do_people_keep_s---20241202_022121
Can excutive orders do anything?,https://www.reddit.com/r/Ask_Politics/comments/1h1dwwo/can_excutive_orders_do_anything/,2024-11-27T14:21:08,11,Ifyouliveinadream,6,Can_excutive_orders_---20241127_142108
Where does the “Kamala is for They/Them” advertisement rank in terms of the most successful political advertisements in (recent) American history?,https://www.reddit.com/r/Ask_Politics/comments/1h108xv/where_does_the_kamala_is_for_theythem/,2024-11-27T03:08:08,8,vsv2021,26,Where_does_the_“Kama---20241127_030808
Did Trump really cause free Tuition wave in universities?,https://www.reddit.com/r/Ask_Politics/comments/1h0y9yi/did_trump_really_cause_free_tuition_wave_in/,2024-11-27T00:45:09,0,Pure_Round8757,12,Did_Trump_really_cau---20241127_004509
"Who do people living in disputed territories pay taxes to? For example, in the disputed regions of Russia/Ukraine…how do they figure that out?",https://www.reddit.com/r/Ask_Politics/comments/1gzznan/who_do_people_living_in_disputed_territories_pay/,2024-11-25T19:15:08,13,shut_up_and_smile,5,Who_do_people_living---20241125_191508
What should I learn to become an elected US politician?,https://www.reddit.com/r/Ask_Politics/comments/1h02vzj/what_should_i_learn_to_become_an_elected_us/,2024-11-25T21:57:14,1,ReverseReversal,3,What_should_I_learn_---20241125_215714
"As a foreigner, I am curious about why does the Democratic Party object to Voter Identification with a Photo ID?",https://www.reddit.com/r/Ask_Politics/comments/1gyrtbo/as_a_foreigner_i_am_curious_about_why_does_the/,2024-11-24T08:11:13,84,KingKohishi,222,"As_a_foreigner,_I_am---20241124_081113"
Is the US taking in too many immigrants? ,https://www.reddit.com/r/Ask_Politics/comments/1gzl991/is_the_us_taking_in_too_many_immigrants/,2024-11-25T09:21:34,0,Kimzhal,24,Is_the_US_taking_in_---20241125_092134
Are restrictions on queer/LGBTQ/etc. rights unconstitutional?,https://www.reddit.com/r/Ask_Politics/comments/1gyx890/are_restrictions_on_queerlgbtqetc_rights/,2024-11-24T12:04:37,2,FineAndDandy26,47,Are_restrictions_on_---20241124_120437
How likely is it that Trump will impose the proposed tariffs?,https://www.reddit.com/r/Ask_Politics/comments/1gyjpw7/how_likely_is_it_that_trump_will_impose_the/,2024-11-23T23:29:58,11,[deleted],21,How_likely_is_it_tha---20241123_232958
What are the results of a country lying to arrest someone with an icc warrant?,https://www.reddit.com/r/Ask_Politics/comments/1gypjow/what_are_the_results_of_a_country_lying_to_arrest/,2024-11-24T06:07:56,2,holiestMaria,1,What_are_the_results---20241124_060756
Why is the 2024 U.S. Election vote count taking so long to complete?,https://www.reddit.com/r/Ask_Politics/comments/1gwqpym/why_is_the_2024_us_election_vote_count_taking_so/,2024-11-21T15:23:04,26,5599Nalyd,22,Why_is_the_2024_U.S.---20241121_152304
How much power and influence does the ICC actually have? ,https://www.reddit.com/r/Ask_Politics/comments/1gwkd1o/how_much_power_and_influence_does_the_icc/,2024-11-21T11:09:22,6,[deleted],6,How_much_power_and_i---20241121_110922
Why are US conservatives so open to pulling support from Ukraine but not Israel?,https://www.reddit.com/r/Ask_Politics/comments/1gva7l2/why_are_us_conservatives_so_open_to_pulling/,2024-11-19T16:41:07,22,Kanye_Wesht,58,Why_are_US_conservat---20241119_164107
Will a federal gestational limit for abortion be set under Trump’s presidency?,https://www.reddit.com/r/Ask_Politics/comments/1gv172m/will_a_federal_gestational_limit_for_abortion_be/,2024-11-19T10:28:18,29,Miss-Zhang1408,50,Will_a_federal_gesta---20241119_102818
Were democrats simply tired of fighting? ,https://www.reddit.com/r/Ask_Politics/comments/1gvjsf7/were_democrats_simply_tired_of_fighting/,2024-11-20T01:00:29,0,Agreeable-Deer7526,25,Were_democrats_simpl---20241120_010029
Why is Milei's austerity approach working in Argentina when it fails everywhere else?,https://www.reddit.com/r/Ask_Politics/comments/1guv8rn/why_is_mileis_austerity_approach_working_in/,2024-11-19T05:44:09,11,Bojanglatron,17,Why_is_Milei's_auste---20241119_054409
Does the 25th Amendment address the situation of an imprisoned President?,https://www.reddit.com/r/Ask_Politics/comments/1gvadkm/does_the_25th_amendment_address_the_situation_of/,2024-11-19T16:48:35,1,Solid_Owl,4,Does_the_25th_Amendm---20241119_164835
Assuming Russia is behind the recent severing of telecom cables: are Western countries doing similar things to Russia provoking them into doing it to us?,https://www.reddit.com/r/Ask_Politics/comments/1gv2vba/assuming_russia_is_behind_the_recent_severing_of/,2024-11-19T11:36:07,0,NanoNeon1,7,Assuming_Russia_is_b---20241119_113607
Confused: low or high voting turn out? ,https://www.reddit.com/r/Ask_Politics/comments/1guajxp/confused_low_or_high_voting_turn_out/,2024-11-18T11:42:06,20,Demonyx12,12,Confused__low_or_hig---20241118_114206
What does the Head of Health and Human Services actually do?,https://www.reddit.com/r/Ask_Politics/comments/1gukf2t/what_does_the_head_of_health_and_human_services/,2024-11-18T18:36:26,1,vinnie_puh,2,What_does_the_Head_o---20241118_183626
Do people see through ideological strawman fallacies?,https://www.reddit.com/r/Ask_Politics/comments/1gu93sm/do_people_see_through_ideological_strawman/,2024-11-18T10:44:13,0,Total_Coffee358,7,Do_people_see_throug---20241118_104413
Will US citizens end up paying more in taxes if we elect younger presidents?,https://www.reddit.com/r/Ask_Politics/comments/1gu5cev/will_us_citizens_end_up_paying_more_in_taxes_if/,2024-11-18T08:00:48,0,CDawgbmmrgr2,10,Will_US_citizens_end---20241118_080048
"What has Zuckerberg's stance been during the US presidential election, and after? ",https://www.reddit.com/r/Ask_Politics/comments/1gtiwmr/what_has_zuckerbergs_stance_been_during_the_us/,2024-11-17T11:37:17,1,ChampionshipOk5046,1,What_has_Zuckerberg'---20241117_113717
What will Trump do in his first 100 days?,https://www.reddit.com/r/Ask_Politics/comments/1gslqe6/what_will_trump_do_in_his_first_100_days/,2024-11-16T05:54:32,16,SirVizz,34,What_will_Trump_do_i---20241116_055432
What's the worst extreme of both Left and Right? And is Centre not the perfect balance?,https://www.reddit.com/r/Ask_Politics/comments/1gslwl0/whats_the_worst_extreme_of_both_left_and_right/,2024-11-16T06:05:46,0,Nathidev,8,What's_the_worst_ext---20241116_060546
Can Donald trump actually pardon the Jan 6 rioters? Or will it be balanced out by a different department?,https://www.reddit.com/r/Ask_Politics/comments/1grpfxq/can_donald_trump_actually_pardon_the_jan_6/,2024-11-14T23:38:18,18,Affectionate-Order58,37,Can_Donald_trump_act---20241114_233818
Would Elon Musk being in charge of a government agency not be a conflict of interest?,https://www.reddit.com/r/Ask_Politics/comments/1grczuy/would_elon_musk_being_in_charge_of_a_government/,2024-11-14T13:28:16,32,mikel145,37,Would_Elon_Musk_bein---20241114_132816
ELI5: How are so many important decisions made by the SCOTUS ?,https://www.reddit.com/r/Ask_Politics/comments/1grdu3o/eli5_how_are_so_many_important_decisions_made_by/,2024-11-14T14:04:03,5,Mofane,14,ELI5__How_are_so_man---20241114_140403
